Kanji,Grade_1989,Order_1989
一,1,1
右,1,2
雨,1,3
円,1,4
王,1,5
音,1,6
下,1,7
火,1,8
花,1,9
貝,1,10
学,1,11
気,1,12
九,1,13
休,1,14
玉,1,15
金,1,16
空,1,17
月,1,18
犬,1,19
見,1,20
五,1,21
口,1,22
校,1,23
左,1,24
三,1,25
山,1,26
子,1,27
四,1,28
糸,1,29
字,1,30
耳,1,31
七,1,32
車,1,33
手,1,34
十,1,35
出,1,36
女,1,37
小,1,38
上,1,39
森,1,40
人,1,41
水,1,42
正,1,43
生,1,44
青,1,45
夕,1,46
石,1,47
赤,1,48
千,1,49
川,1,50
先,1,51
早,1,52
草,1,53
足,1,54
村,1,55
大,1,56
男,1,57
竹,1,58
中,1,59
虫,1,60
町,1,61
天,1,62
田,1,63
土,1,64
二,1,65
日,1,66
入,1,67
年,1,68
白,1,69
八,1,70
百,1,71
文,1,72
木,1,73
本,1,74
名,1,75
目,1,76
立,1,77
力,1,78
林,1,79
六,1,80
引,2,81
羽,2,82
雲,2,83
園,2,84
遠,2,85
何,2,86
科,2,87
夏,2,88
家,2,89
歌,2,90
画,2,91
回,2,92
会,2,93
海,2,94
絵,2,95
外,2,96
角,2,97
楽,2,98
活,2,99
間,2,100
丸,2,101
岩,2,102
顔,2,103
汽,2,104
記,2,105
帰,2,106
弓,2,107
牛,2,108
魚,2,109
京,2,110
強,2,111
教,2,112
近,2,113
兄,2,114
形,2,115
計,2,116
元,2,117
言,2,118
原,2,119
戸,2,120
古,2,121
午,2,122
後,2,123
語,2,124
工,2,125
公,2,126
広,2,127
交,2,128
光,2,129
考,2,130
行,2,131
高,2,132
黄,2,133
合,2,134
谷,2,135
国,2,136
黒,2,137
今,2,138
才,2,139
細,2,140
作,2,141
算,2,142
止,2,143
市,2,144
矢,2,145
姉,2,146
思,2,147
紙,2,148
寺,2,149
自,2,150
時,2,151
室,2,152
社,2,153
弱,2,154
首,2,155
秋,2,156
週,2,157
春,2,158
書,2,159
少,2,160
場,2,161
色,2,162
食,2,163
心,2,164
新,2,165
親,2,166
図,2,167
数,2,168
西,2,169
声,2,170
星,2,171
晴,2,172
切,2,173
雪,2,174
船,2,175
線,2,176
前,2,177
組,2,178
走,2,179
多,2,180
太,2,181
体,2,182
台,2,183
地,2,184
池,2,185
知,2,186
茶,2,187
昼,2,188
長,2,189
鳥,2,190
朝,2,191
直,2,192
通,2,193
弟,2,194
店,2,195
点,2,196
電,2,197
刀,2,198
冬,2,199
当,2,200
東,2,201
答,2,202
頭,2,203
同,2,204
道,2,205
読,2,206
内,2,207
南,2,208
肉,2,209
馬,2,210
売,2,211
買,2,212
麦,2,213
半,2,214
番,2,215
父,2,216
風,2,217
分,2,218
聞,2,219
米,2,220
歩,2,221
母,2,222
方,2,223
北,2,224
毎,2,225
妹,2,226
万,2,227
明,2,228
鳴,2,229
毛,2,230
門,2,231
夜,2,232
野,2,233
友,2,234
用,2,235
曜,2,236
来,2,237
里,2,238
理,2,239
話,2,240
悪,3,241
安,3,242
暗,3,243
医,3,244
委,3,245
意,3,246
育,3,247
員,3,248
院,3,249
飲,3,250
運,3,251
泳,3,252
駅,3,253
央,3,254
横,3,255
屋,3,256
温,3,257
化,3,258
荷,3,259
界,3,260
開,3,261
階,3,262
寒,3,263
感,3,264
漢,3,265
館,3,266
岸,3,267
起,3,268
期,3,269
客,3,270
究,3,271
急,3,272
級,3,273
宮,3,274
球,3,275
去,3,276
橋,3,277
業,3,278
曲,3,279
局,3,280
銀,3,281
区,3,282
苦,3,283
具,3,284
君,3,285
係,3,286
軽,3,287
血,3,288
決,3,289
研,3,290
県,3,291
庫,3,292
湖,3,293
向,3,294
幸,3,295
港,3,296
号,3,297
根,3,298
祭,3,299
皿,3,300
仕,3,301
死,3,302
使,3,303
始,3,304
指,3,305
歯,3,306
詩,3,307
次,3,308
事,3,309
持,3,310
式,3,311
実,3,312
写,3,313
者,3,314
主,3,315
守,3,316
取,3,317
酒,3,318
受,3,319
州,3,320
拾,3,321
終,3,322
習,3,323
集,3,324
住,3,325
重,3,326
宿,3,327
所,3,328
暑,3,329
助,3,330
昭,3,331
消,3,332
商,3,333
章,3,334
勝,3,335
乗,3,336
植,3,337
申,3,338
身,3,339
神,3,340
真,3,341
深,3,342
進,3,343
世,3,344
整,3,345
昔,3,346
全,3,347
相,3,348
送,3,349
想,3,350
息,3,351
速,3,352
族,3,353
他,3,354
打,3,355
対,3,356
待,3,357
代,3,358
第,3,359
題,3,360
炭,3,361
短,3,362
談,3,363
着,3,364
注,3,365
柱,3,366
丁,3,367
帳,3,368
調,3,369
追,3,370
定,3,371
庭,3,372
笛,3,373
鉄,3,374
転,3,375
都,3,376
度,3,377
投,3,378
豆,3,379
島,3,380
湯,3,381
登,3,382
等,3,383
動,3,384
童,3,385
農,3,386
波,3,387
配,3,388
倍,3,389
箱,3,390
畑,3,391
発,3,392
反,3,393
坂,3,394
板,3,395
皮,3,396
悲,3,397
美,3,398
鼻,3,399
筆,3,400
氷,3,401
表,3,402
秒,3,403
病,3,404
品,3,405
負,3,406
部,3,407
服,3,408
福,3,409
物,3,410
平,3,411
返,3,412
勉,3,413
放,3,414
味,3,415
命,3,416
面,3,417
問,3,418
役,3,419
薬,3,420
由,3,421
油,3,422
有,3,423
遊,3,424
予,3,425
羊,3,426
洋,3,427
葉,3,428
陽,3,429
様,3,430
落,3,431
流,3,432
旅,3,433
両,3,434
緑,3,435
礼,3,436
列,3,437
練,3,438
路,3,439
和,3,440
愛,4,441
案,4,442
以,4,443
衣,4,444
位,4,445
囲,4,446
胃,4,447
印,4,448
英,4,449
栄,4,450
塩,4,451
億,4,452
加,4,453
果,4,454
貨,4,455
課,4,456
芽,4,457
改,4,458
械,4,459
害,4,460
街,4,461
各,4,462
覚,4,463
完,4,464
官,4,465
管,4,466
関,4,467
観,4,468
願,4,469
希,4,470
季,4,471
紀,4,472
喜,4,473
旗,4,474
器,4,475
機,4,476
議,4,477
求,4,478
泣,4,479
救,4,480
給,4,481
挙,4,482
漁,4,483
共,4,484
協,4,485
鏡,4,486
競,4,487
極,4,488
訓,4,489
軍,4,490
郡,4,491
径,4,492
型,4,493
景,4,494
芸,4,495
欠,4,496
結,4,497
建,4,498
健,4,499
験,4,500
固,4,501
功,4,502
好,4,503
候,4,504
航,4,505
康,4,506
告,4,507
差,4,508
菜,4,509
最,4,510
材,4,511
昨,4,512
札,4,513
刷,4,514
殺,4,515
察,4,516
参,4,517
産,4,518
散,4,519
残,4,520
士,4,521
氏,4,522
史,4,523
司,4,524
試,4,525
児,4,526
治,4,527
辞,4,528
失,4,529
借,4,530
種,4,531
周,4,532
祝,4,533
順,4,534
初,4,535
松,4,536
笑,4,537
唱,4,538
焼,4,539
象,4,540
照,4,541
賞,4,542
臣,4,543
信,4,544
成,4,545
省,4,546
清,4,547
静,4,548
席,4,549
積,4,550
折,4,551
節,4,552
説,4,553
浅,4,554
戦,4,555
選,4,556
然,4,557
争,4,558
倉,4,559
巣,4,560
束,4,561
側,4,562
続,4,563
卒,4,564
孫,4,565
帯,4,566
隊,4,567
達,4,568
単,4,569
置,4,570
仲,4,571
貯,4,572
兆,4,573
腸,4,574
低,4,575
底,4,576
停,4,577
的,4,578
典,4,579
伝,4,580
徒,4,581
努,4,582
灯,4,583
堂,4,584
働,4,585
特,4,586
得,4,587
毒,4,588
熱,4,589
念,4,590
敗,4,591
梅,4,592
博,4,593
飯,4,594
飛,4,595
費,4,596
必,4,597
票,4,598
標,4,599
不,4,600
夫,4,601
付,4,602
府,4,603
副,4,604
粉,4,605
兵,4,606
別,4,607
辺,4,608
変,4,609
便,4,610
包,4,611
法,4,612
望,4,613
牧,4,614
末,4,615
満,4,616
未,4,617
脈,4,618
民,4,619
無,4,620
約,4,621
勇,4,622
要,4,623
養,4,624
浴,4,625
利,4,626
陸,4,627
良,4,628
料,4,629
量,4,630
輪,4,631
類,4,632
令,4,633
冷,4,634
例,4,635
歴,4,636
連,4,637
老,4,638
労,4,639
録,4,640
圧,5,641
移,5,642
因,5,643
永,5,644
営,5,645
衛,5,646
易,5,647
益,5,648
液,5,649
演,5,650
応,5,651
往,5,652
桜,5,653
恩,5,654
可,5,655
仮,5,656
価,5,657
河,5,658
過,5,659
賀,5,660
快,5,661
解,5,662
格,5,663
確,5,664
額,5,665
刊,5,666
幹,5,667
慣,5,668
眼,5,669
基,5,670
寄,5,671
規,5,672
技,5,673
義,5,674
逆,5,675
久,5,676
旧,5,677
居,5,678
許,5,679
境,5,680
均,5,681
禁,5,682
句,5,683
群,5,684
経,5,685
潔,5,686
件,5,687
券,5,688
険,5,689
検,5,690
限,5,691
現,5,692
減,5,693
故,5,694
個,5,695
護,5,696
効,5,697
厚,5,698
耕,5,699
鉱,5,700
構,5,701
興,5,702
講,5,703
混,5,704
査,5,705
再,5,706
災,5,707
妻,5,708
採,5,709
際,5,710
在,5,711
財,5,712
罪,5,713
雑,5,714
酸,5,715
賛,5,716
支,5,717
志,5,718
枝,5,719
師,5,720
資,5,721
飼,5,722
示,5,723
似,5,724
識,5,725
質,5,726
舎,5,727
謝,5,728
授,5,729
修,5,730
述,5,731
術,5,732
準,5,733
序,5,734
招,5,735
承,5,736
証,5,737
条,5,738
状,5,739
常,5,740
情,5,741
織,5,742
職,5,743
制,5,744
性,5,745
政,5,746
勢,5,747
精,5,748
製,5,749
税,5,750
責,5,751
績,5,752
接,5,753
設,5,754
舌,5,755
絶,5,756
銭,5,757
祖,5,758
素,5,759
総,5,760
造,5,761
像,5,762
増,5,763
則,5,764
測,5,765
属,5,766
率,5,767
損,5,768
退,5,769
貸,5,770
態,5,771
団,5,772
断,5,773
築,5,774
張,5,775
提,5,776
程,5,777
適,5,778
敵,5,779
統,5,780
銅,5,781
導,5,782
徳,5,783
独,5,784
任,5,785
燃,5,786
能,5,787
破,5,788
犯,5,789
判,5,790
版,5,791
比,5,792
肥,5,793
非,5,794
備,5,795
俵,5,796
評,5,797
貧,5,798
布,5,799
婦,5,800
富,5,801
武,5,802
復,5,803
複,5,804
仏,5,805
編,5,806
弁,5,807
保,5,808
墓,5,809
報,5,810
豊,5,811
防,5,812
貿,5,813
暴,5,814
務,5,815
夢,5,816
迷,5,817
綿,5,818
輸,5,819
余,5,820
預,5,821
容,5,822
略,5,823
留,5,824
領,5,825
異,6,826
遺,6,827
域,6,828
宇,6,829
映,6,830
延,6,831
沿,6,832
我,6,833
灰,6,834
拡,6,835
革,6,836
閣,6,837
割,6,838
株,6,839
干,6,840
巻,6,841
看,6,842
簡,6,843
危,6,844
机,6,845
揮,6,846
貴,6,847
疑,6,848
吸,6,849
供,6,850
胸,6,851
郷,6,852
勤,6,853
筋,6,854
系,6,855
敬,6,856
警,6,857
劇,6,858
激,6,859
穴,6,860
絹,6,861
権,6,862
憲,6,863
源,6,864
厳,6,865
己,6,866
呼,6,867
誤,6,868
后,6,869
孝,6,870
皇,6,871
紅,6,872
降,6,873
鋼,6,874
刻,6,875
穀,6,876
骨,6,877
困,6,878
砂,6,879
座,6,880
済,6,881
裁,6,882
策,6,883
冊,6,884
蚕,6,885
至,6,886
私,6,887
姿,6,888
視,6,889
詞,6,890
誌,6,891
磁,6,892
射,6,893
捨,6,894
尺,6,895
若,6,896
樹,6,897
収,6,898
宗,6,899
就,6,900
衆,6,901
従,6,902
縦,6,903
縮,6,904
熟,6,905
純,6,906
処,6,907
署,6,908
諸,6,909
除,6,910
将,6,911
傷,6,912
障,6,913
城,6,914
蒸,6,915
針,6,916
仁,6,917
垂,6,918
推,6,919
寸,6,920
盛,6,921
聖,6,922
誠,6,923
宣,6,924
専,6,925
泉,6,926
洗,6,927
染,6,928
善,6,929
奏,6,930
窓,6,931
創,6,932
装,6,933
層,6,934
操,6,935
蔵,6,936
臓,6,937
存,6,938
尊,6,939
宅,6,940
担,6,941
探,6,942
誕,6,943
段,6,944
暖,6,945
値,6,946
宙,6,947
忠,6,948
著,6,949
庁,6,950
頂,6,951
潮,6,952
賃,6,953
痛,6,954
展,6,955
討,6,956
党,6,957
糖,6,958
届,6,959
難,6,960
乳,6,961
認,6,962
納,6,963
脳,6,964
派,6,965
拝,6,966
背,6,967
肺,6,968
俳,6,969
班,6,970
晩,6,971
否,6,972
批,6,973
秘,6,974
腹,6,975
奮,6,976
並,6,977
陛,6,978
閉,6,979
片,6,980
補,6,981
暮,6,982
宝,6,983
訪,6,984
亡,6,985
忘,6,986
棒,6,987
枚,6,988
幕,6,989
密,6,990
盟,6,991
模,6,992
訳,6,993
郵,6,994
優,6,995
幼,6,996
欲,6,997
翌,6,998
乱,6,999
卵,6,1000
覧,6,1001
裏,6,1002
律,6,1003
臨,6,1004
朗,6,1005
論,6,1006
